g0,g1,g2,g3,g4,g5,g6,g7,g8,g9,g10,g11,g12,g13,g14,g15,g16,g17,g18,g19,g20,g21,g22,g23,g24,g25,g26,g27,g28,g29,g30,g31,g32,g33,g34,g35,g36,g37,g38,g39,label,split
-0.2559,0.5114,2.4507,-0.3151,-0.9300,-3.3112,1.1119,0.4241,1.0369,3.4195,0.3948,-2.2188,-1.6661,0.8553,3.5258,0.4988,-1.6914,-1.7439,-0.8896,-0.4682,-3.2171,-0.0459,0.5210,1.5520,0.3087,0.3942,-0.6611,-1.1538,0.5566,1.1970,-0.6203,2.2180,-0.3440,-0.1064,0.6321,0.2484,-0.4474,-3.6300,-0.5206,1.2209,1,train
0.4974,-0.0623,-1.4647,0.8278,0.6693,0.9458,1.4406,0.3622,0.1193,-1.2992,0.6154,-0.6118,-0.4527,-1.2648,-0.9676,-0.5311,1.2888,-2.0318,-1.4577,0.2394,1.4433,0.5785,-1.8999,-2.5182,0.3574,-0.7363,-1.1198,0.9774,1.1018,0.1573,0.2458,0.4344,1.5940,0.6190,0.5186,0.5477,-1.5683,1.2817,0.9551,0.5296,0,train
-1.9739,-0.6337,4.0714,-1.8112,-0.1840,-1.9808,-1.3112,1.6101,0.5520,3.1555,0.3249,-2.5765,0.1204,1.1457,3.1427,-0.4147,1.0417,0.0268,-0.8805,0.9465,-1.6645,-0.4448,-1.3800,2.6942,-0.1490,-0.2980,1.4048,-3.8779,1.2606,-1.2683,-0.7870,3.6263,1.1287,0.8590,0.3452,0.1424,0.1525,-2.7942,-0.1762,0.2774,1,train
-0.3366,0.3858,1.8373,-2.5647,-1.1239,0.2439,0.3983,0.2386,-0.4312,0.6551,0.2821,-0.5221,2.4301,0.3551,-0.5542,-0.0994,-0.2256,-0.0627,-2.7281,-0.4869,1.0086,-1.1686,-0.0667,0.9535,0.8562,1.4911,-1.7014,-0.3534,-0.3409,0.6233,1.0918,-2.6828,1.0887,-1.4475,0.6831,-1.4921,0.1759,1.1947,-0.1493,0.1911,0,train
0.7971,0.1414,3.3660,1.5333,1.0485,-3.8888,2.7453,-1.1468,0.9146,3.3152,0.1324,-2.2227,0.2222,0.6386,1.1751,-1.5095,0.6149,-0.9632,-1.0266,-1.4701,-2.1410,0.7466,1.4731,2.1083,0.0010,-1.1403,0.7660,-1.4603,-0.8902,1.5603,0.9880,3.3919,-1.9720,1.4066,-0.0963,-0.6028,0.3996,-2.4847,1.4981,-1.0201,1,train
-2.2967,-0.3872,-1.8539,0.8188,0.3170,-0.6112,-0.0096,0.8326,0.0789,1.3265,-0.0613,1.0403,1.4915,1.6099,-0.6718,0.8799,-1.8760,-1.0833,-1.9628,1.0690,-1.2319,-0.0128,-0.1922,-0.0286,-0.5915,0.2337,1.7913,0.0443,0.5310,1.0005,-0.1979,-1.2597,-0.5554,1.0736,-1.6462,-0.5978,1.0074,0.7927,0.0076,0.8052,0,train
0.1660,-1.1789,2.1906,-0.6390,0.9227,-3.5175,-0.9024,-0.7710,-1.5318,3.1072,-1.1796,-2.9969,-2.3601,0.3278,1.9961,-1.9421,0.7247,-0.2755,-2.2300,-0.8751,-2.6733,-0.4586,0.7800,3.8647,0.6662,0.3266,1.3337,-2.6703,0.4512,-2.0840,0.8966,4.2956,-0.2969,-0.4695,1.9403,-1.7581,0.4689,-0.4981,-0.9276,0.6896,1,train
-1.0161,-0.3590,0.8917,0.1017,-0.8530,-0.8416,2.6667,1.1399,0.6374,-2.5929,0.6215,0.4807,1.6841,0.4278,-0.0675,0.5224,-1.9442,1.0333,0.3249,-0.7021,1.3256,1.8093,-1.4024,-0.6663,0.2913,0.1835,-0.3985,-0.9742,2.1205,1.0374,-1.1942,-1.3450,1.7031,0.9891,1.8210,0.8101,-0.8721,0.2607,-2.1601,-0.7481,0,train
-0.0589,0.5228,2.8660,-0.1242,0.4585,-2.9059,0.6380,0.2090,-0.3239,3.7808,0.0494,-4.0648,-0.6259,-0.0003,3.5522,0.1570,-0.0005,0.1759,-0.1343,-1.2584,-2.9672,1.0537,0.4346,3.2203,0.4464,-0.9657,-1.8962,-2.5073,-0.9305,0.7399,-1.0841,0.3121,-1.0395,1.5781,-0.3818,-1.3694,-0.7634,-2.7710,0.4969,0.1767,1,train
-0.2964,1.0689,0.5963,0.9083,-0.2124,2.5464,1.2400,-0.2154,0.0906,2.5952,-0.3432,0.8741,0.9805,0.0066,-1.1671,0.1875,0.3594,1.1297,0.7829,0.0244,0.8536,0.5398,0.2060,0.0552,-0.2434,0.6862,-1.0542,-0.6287,0.0050,-1.4640,-0.4359,-2.0088,-0.6829,0.5684,0.5664,-0.0545,-0.2321,-1.4168,1.8278,0.5160,0,train
1.0935,-0.8823,2.4222,-1.8195,0.7805,-2.0798,-1.8974,-0.0521,0.6303,0.6363,-1.8254,-4.1449,-0.6292,-1.4029,3.0906,0.2496,0.6340,0.7020,1.5027,1.1643,-3.7609,-0.5054,-1.0602,1.8232,-0.0813,0.0055,0.4904,-4.4614,-1.2376,-0.0231,-0.1995,2.8727,-0.0632,-0.7598,0.7013,0.3543,-0.0878,-3.9168,-0.1742,-2.7216,1,train
-0.0363,-0.8513,-0.1443,-0.0654,0.7345,0.2943,-0.7226,-1.3544,-0.3731,-0.7404,-1.1119,-0.1159,-0.4911,0.1054,0.5233,-0.4130,2.3243,-0.3215,1.1017,0.1217,1.1162,-2.3759,-0.7515,0.2470,0.6025,2.3365,0.3225,1.2798,0.7664,0.9474,0.5101,-0.1561,0.5091,-1.0781,1.1814,-1.0172,0.2492,2.1208,-0.2234,0.0195,0,train
1.1630,0.0262,2.1681,0.2582,0.5821,-2.1648,-0.7725,1.7525,1.6668,2.9698,0.2686,-2.9932,1.4141,-0.7049,3.6837,-0.4797,-0.6940,0.7187,1.3338,-0.0101,-3.1022,0.8115,-0.0495,3.2820,1.5229,1.1316,-0.5198,-0.8399,0.0033,0.7860,-0.6474,3.1424,-1.7500,1.7867,1.3657,-1.2153,-1.5052,-4.5284,1.1758,-0.4595,1,train
-0.9037,0.1596,-0.4846,1.5658,0.7677,-0.1152,-0.4711,-0.7027,-0.9372,-0.3529,0.2948,0.5155,0.5689,2.0987,-0.7049,0.0130,2.7946,-1.8671,-0.5215,0.1696,0.1544,0.4079,-0.2387,0.3661,0.0528,0.7714,-1.8926,-0.8850,-0.0022,-1.0318,-1.0447,0.6277,-0.6500,0.6349,0.7458,0.3065,0.5081,-0.1046,-1.4091,-0.0301,0,train
0.4542,-0.5294,2.4946,0.7492,-0.8781,-1.8920,1.8626,-0.5546,0.1465,2.9660,1.5402,-2.7826,0.8977,-0.6901,2.4611,-0.0098,-1.7759,1.4408,0.8994,-1.7491,-2.1747,-0.1312,0.4484,3.1494,-1.4990,-0.2120,1.4926,-3.7589,-1.0228,-1.3596,-1.2211,3.2888,1.6926,0.4294,0.2455,2.2336,-0.5194,-3.6397,0.5285,0.5485,1,train
-0.3535,1.0536,1.3908,-0.3670,0.8461,-0.7576,0.0720,0.7499,1.5142,-0.3826,-0.0741,0.1964,-1.4981,0.0159,-0.6759,0.3715,-1.1300,-1.9769,0.0383,0.2606,-0.5489,0.8888,-0.2732,-0.6057,0.4777,-1.5682,-0.6775,-0.0208,0.8489,-0.1627,0.3085,-0.6555,0.3017,1.6635,-0.6864,2.3662,-0.6438,0.0171,0.1733,1.0243,0,train
-1.2370,-2.1005,3.7394,0.7954,0.6237,-0.7261,0.2050,0.2539,0.9292,3.4480,1.6637,-4.1784,-0.3754,-3.4447,3.1932,-0.3724,0.9240,2.1541,-0.0059,-0.2545,-3.8882,-0.8379,-0.6304,3.6513,0.0368,0.0663,-0.1733,-1.9710,0.4940,-0.1418,0.6647,2.9886,-1.1529,1.4553,0.4653,-0.9573,1.0788,-2.6863,-1.5644,1.6099,1,train
0.6757,-0.3710,-0.0365,-2.1389,-0.4233,0.6757,1.3367,-0.3640,-0.1213,1.5835,-0.3258,0.7340,1.6783,0.0398,1.2269,-0.7105,0.2077,-0.0774,0.1149,1.1297,2.3899,-0.6655,-0.5751,0.4974,-1.0551,0.4970,0.5719,-0.2775,0.5312,-1.5493,0.7599,-1.5448,-0.6964,-0.5562,-0.4011,0.8588,0.0817,-0.3974,0.5435,1.5813,0,train
0.0062,0.3658,4.4253,0.2678,-1.2838,-0.4992,2.2084,-1.9849,-0.0392,2.6869,0.9657,-2.4478,-0.2722,-1.0538,3.5808,1.0334,-1.0896,-1.0272,-0.0246,-1.9375,-2.5132,-0.4365,0.4508,2.6211,-0.8821,-0.3942,-0.0499,-3.7483,0.0121,0.7502,1.1851,4.8948,-0.7835,-0.4198,-2.4829,1.8993,-0.7247,-3.2100,0.5226,-1.3586,1,train
1.3039,-0.2236,0.8736,-0.4099,0.7279,-0.8140,-0.1083,1.7310,0.4456,-0.1582,-1.1448,-0.7901,0.1936,0.9394,0.4261,0.5241,-0.0418,1.3520,-0.3908,-0.5497,0.8881,0.0636,-0.2786,-0.5761,-0.2569,0.6236,0.3537,-1.2096,0.4263,0.1790,-1.0002,0.7728,-0.2804,-0.3354,0.7958,1.3207,-0.6886,0.4383,-0.8761,2.3143,0,train
-0.4938,1.1950,2.7071,0.8113,2.2189,-5.3636,-0.4345,0.5005,-0.0929,2.7904,2.1521,-2.6053,-1.6444,0.8541,1.3851,1.1508,-0.5778,0.1448,1.2610,0.1179,-4.1801,-1.6959,1.1826,3.8037,-0.8158,0.8595,0.4967,-2.0760,-2.2589,-0.3021,0.9004,3.0945,0.8814,-2.4573,0.1691,0.4922,2.5519,-4.3910,-0.3293,0.0359,1,train
0.3034,-0.5586,0.2009,0.9902,-0.9775,-0.1104,0.5392,0.5262,-0.3353,-2.1070,1.2429,0.3283,0.0131,-0.2785,0.2634,-0.4256,-1.0247,-0.7398,-0.5968,-0.6124,-1.1587,0.6363,-1.3098,0.6597,-1.0147,0.3525,1.3741,0.2033,-0.7308,0.0483,0.1481,-1.7338,-0.6077,0.1630,-0.4692,0.0797,0.7340,0.7666,0.9057,0.5885,0,train
-0.2879,-0.0184,3.2258,-0.3132,-0.1797,-5.5214,-0.3332,-0.0241,-0.9740,2.6125,0.5155,-2.3960,2.0766,-2.6065,3.1363,-1.8254,0.9800,2.6541,-2.5020,0.1279,-3.0927,-0.3024,0.5516,1.1259,0.8520,0.3720,0.0228,-3.9132,0.6384,-0.4854,0.2231,2.2425,-2.2468,-0.0313,0.2022,0.7544,-0.8761,-2.7477,0.6171,0.1454,1,train
0.8884,-0.9116,-1.8133,-0.9975,2.4923,1.9234,-0.6865,-0.7290,0.2314,-0.7494,1.3101,-0.0783,-1.0863,1.3089,-0.5831,0.2213,-0.0127,-0.3144,0.3249,-0.6925,-1.8445,-2.2080,-1.2666,-0.7584,-0.0230,0.0553,0.5560,0.1199,-0.7934,-0.7089,-2.1188,-0.1691,0.4849,0.5297,-0.1214,-0.1742,0.9363,0.0154,0.7378,0.5825,0,train
0.2132,1.3064,2.5234,-0.3589,-0.8080,-3.5688,1.5560,1.7593,0.0229,3.4450,1.1753,-2.5073,1.2053,-1.2630,3.1613,0.4527,1.4353,0.1039,-0.8584,-0.3545,-3.9124,-0.8583,1.5012,2.5048,0.0204,2.1624,1.1847,-2.0433,-0.6119,0.4103,1.6217,4.3941,1.2615,0.0981,0.5163,-0.2010,0.4269,-1.7303,-1.4311,-0.0625,1,train
-0.0338,-1.1184,-0.0568,-1.0961,0.0710,0.4663,0.0312,0.2797,-0.8518,1.4298,-0.6532,-1.8183,-0.1875,-0.7637,-1.0098,-0.3549,0.2912,-1.1818,-0.1375,1.4267,0.6827,-0.1520,0.1277,-0.1199,-0.0478,0.7324,-0.0925,-2.4044,-0.0215,-0.8895,0.6513,-0.6103,0.1484,2.1773,-1.0469,-1.1246,-1.4115,-2.3949,-1.8785,0.3645,0,train
-0.6381,-1.8682,1.2943,0.6173,-0.7753,-3.1247,0.3305,1.3564,1.9410,4.1794,0.1436,-2.9224,1.8022,1.4286,2.7020,0.4577,0.2869,0.0524,-0.5000,-1.3265,-3.2634,-1.5441,1.2238,3.3598,-1.2060,1.3958,0.8917,-5.2896,1.8414,0.8099,2.0642,2.0743,0.5307,0.4231,0.2019,0.1712,1.0533,-4.5348,-1.2421,-1.3942,1,train
-0.3226,1.5530,-0.5941,0.6487,1.1536,-0.2655,0.8254,-1.1157,1.0126,0.1996,-1.5867,0.6695,-0.8923,1.2818,-0.6790,-0.1647,0.2830,-0.3324,0.2596,-0.5533,0.6718,0.0055,0.2111,-2.7526,1.1614,0.0318,-1.7826,0.0955,0.4672,1.0707,-1.0827,1.5470,-0.1594,2.3947,-0.1463,0.6797,-0.3666,-1.1159,1.0967,0.9063,0,train
1.5385,0.8570,2.2033,-1.6625,-0.6506,-2.9375,-0.8152,0.5824,0.3278,2.8617,0.1726,-3.3380,0.2128,0.7521,3.9649,-0.6859,-1.5068,1.4274,0.1145,1.1057,-4.9988,-0.3300,0.0271,1.3239,-0.5159,0.7245,1.0786,-1.3730,-0.8636,-1.4013,0.5205,3.8184,0.1930,-1.3015,0.7821,0.7926,0.5534,-3.7156,0.3041,0.7907,1,train
1.5957,-0.2512,2.0550,1.5290,0.7907,0.5870,1.7708,-0.1805,-0.1120,-1.0626,0.4728,1.3448,0.5324,0.4231,-0.2007,0.1696,-1.4251,1.0488,-0.4100,-1.1046,-0.7514,-0.8246,0.8553,1.0582,-1.3577,0.9263,0.8881,-0.5793,-1.4865,-0.7454,-0.6338,0.3425,-0.3577,-2.0283,0.2336,-1.5342,0.9055,-1.2068,-0.6929,-0.8543,0,train
-0.5426,1.2980,4.6816,0.6017,0.3193,-5.3506,-0.5207,-0.5518,-0.9775,3.4251,-0.7411,-3.8175,-1.0444,-2.0575,3.5336,1.3308,0.1748,-0.9766,-2.7051,0.1729,-2.1831,0.2972,0.9271,4.8933,1.1269,-0.4414,1.0524,-2.2591,-1.5370,-0.4053,-1.4238,2.3471,0.5783,-1.0680,-2.0558,1.2983,0.3768,-1.8253,-1.3237,1.0606,1,train
-0.4698,0.6288,0.2632,1.6237,1.1376,-0.4510,0.3490,1.7641,-0.5373,0.4334,1.1908,1.2569,0.5186,-1.3202,-1.2610,0.2475,0.3873,2.5477,-0.8614,1.1378,0.7704,-1.6715,-0.8183,0.1662,-0.4935,-0.1544,0.4701,-0.8094,0.4664,-0.6363,-0.5447,0.5368,-0.5734,0.2872,1.5994,0.0271,-0.1461,0.7353,-0.3656,1.0828,0,train
-1.2829,0.6186,2.1930,-0.7987,1.7697,-3.7438,1.7567,0.6583,1.4530,2.0450,1.1989,-1.7613,-0.1164,-0.1290,5.3173,0.1774,-0.4226,-0.6300,0.4459,0.3305,-2.8285,1.7215,-0.3279,3.2545,1.4592,-1.0040,1.0387,-1.2138,-1.3548,-1.0975,-1.0384,0.6847,0.4527,-1.8562,0.4988,1.4531,-1.6152,-3.3419,-1.9180,0.7792,1,train
-1.9322,-0.4902,1.9153,0.0796,-1.2600,0.2571,-0.9724,-1.6513,-0.7365,0.7369,0.3839,-0.0970,-0.9266,-1.0786,1.3497,0.2446,-0.9517,-2.1109,-1.3700,2.4751,-1.1489,-0.0768,0.2101,-0.1576,-0.2782,-1.3732,-1.0511,1.6887,-0.7564,0.8455,-1.6939,-0.2742,0.2611,1.0365,-1.1227,0.5954,0.3860,-0.7377,0.4772,-0.8980,0,train
-0.7961,-0.0188,0.0718,-0.1096,-1.0001,-4.1444,-0.4251,0.7630,-0.4044,4.5756,-1.1596,-3.6813,1.5512,0.3988,3.6592,-0.8268,0.8044,0.2597,0.6486,0.0253,-1.6762,-0.6491,-0.9638,1.3879,1.1606,-0.7384,-1.0432,-4.3362,-0.4451,-1.2713,-0.2905,2.1957,-0.5513,-0.9595,0.0368,-0.4609,0.1149,-3.1365,0.3402,-2.1893,1,train
-1.4656,-1.8122,1.2193,0.4357,0.4877,0.1232,0.4843,-1.2158,0.9485,-0.5321,0.9857,0.0877,-1.9737,-1.2871,1.1277,-0.1368,-0.3955,0.2426,-0.4251,-0.5445,0.1024,0.1443,1.5167,0.0456,1.8798,1.8027,1.7166,1.0615,0.1305,0.1372,-0.1426,-0.7311,-0.0664,-0.6408,1.6398,0.5344,-0.4465,-1.9156,-0.0533,-0.4163,0,train
-1.0858,-1.1364,1.4970,0.5690,-0.0657,-0.3124,-0.0310,-0.1482,1.4442,2.8575,0.1673,-3.1676,-0.6053,1.4994,3.2462,1.7161,-0.3498,0.0301,-0.8808,0.9672,-4.7564,0.5645,1.0960,3.9769,-0.9398,1.0897,-0.7136,-4.1824,-1.3231,1.1556,1.6485,1.7226,-0.7595,-0.3390,2.5073,1.0044,-0.5425,-4.2862,-0.6726,1.1872,1,train
0.2884,-0.7636,0.7813,0.0083,-1.1747,0.6220,0.8419,-1.9130,1.8262,0.4971,0.7603,-1.8601,-0.7197,-0.3493,1.0771,-1.4596,-0.8838,-2.0297,-0.2411,0.3460,-1.6862,-0.5913,0.5104,1.5854,0.6641,-0.3037,-1.1779,-0.9364,-0.6642,0.1471,-0.0496,1.6671,0.2872,-1.0718,1.5443,0.9491,0.1011,-0.7211,-1.8708,-1.0222,0,train
0.9117,-0.8028,1.7922,0.1956,0.2438,-2.4585,0.6555,1.4090,-0.8393,3.2216,-0.9873,-2.0206,0.1791,0.2433,3.0308,-0.0174,1.1123,0.8754,0.1355,-0.5668,-4.0049,-0.5275,-0.2024,3.0981,2.9808,0.6384,0.7692,-3.7825,-0.7104,-0.3191,0.1922,1.6355,1.6119,-0.5632,1.0783,-2.3359,-0.0070,-2.4896,0.1914,0.6017,1,train
1.8455,1.7312,-0.0583,1.2880,-1.5880,-1.9351,-0.4830,-0.8750,-0.5592,0.1881,3.0249,-0.6608,0.0496,0.2763,-0.0343,0.9309,1.7755,-1.2436,0.1617,-0.2650,0.3563,-1.5317,-1.7579,-2.3166,0.5253,0.1920,0.0736,-2.3666,-0.3736,-0.7552,-1.4137,-0.9155,0.6977,0.5441,-0.0227,0.5144,-0.6035,0.0712,0.0403,0.5544,0,train
-0.0700,-0.1432,3.6610,-0.6449,2.2336,-2.7828,0.4289,2.2916,1.4030,1.3082,0.6953,-1.9221,1.8849,1.3157,3.4454,-1.1772,-0.8707,0.2689,0.5049,-1.0215,-3.4309,-0.4003,0.0606,3.3232,-0.2869,-1.2368,1.2427,-1.6721,-0.1059,1.0247,0.4442,2.8517,0.4815,-0.7633,0.5739,1.0106,-0.8963,-1.9586,2.0898,1.8231,1,train
2.2764,-0.0274,0.6761,0.4756,0.2735,-0.2088,-0.1228,-0.8245,0.1782,-0.0241,0.3202,-0.8551,0.0395,0.0478,0.6042,-1.0633,0.4195,0.9832,0.5972,-0.3686,-0.4913,-0.2363,0.7292,1.5529,-0.1581,-0.6427,0.3758,0.2043,-0.9080,-0.7374,-0.1016,0.6716,-1.1932,-1.0182,0.4991,-1.2247,0.1089,0.3522,-0.1110,-1.0181,0,train
-0.0598,-0.3322,3.4128,-0.8388,1.0915,-4.8448,-0.1763,0.0077,0.9616,2.3895,0.5459,-4.3041,0.7382,1.7373,2.7759,0.4430,-0.9274,0.9732,1.2108,0.0353,-4.1687,0.4024,1.1491,4.0065,0.8132,-1.8305,-0.6798,-1.3280,-1.2260,1.1314,1.8824,4.2996,1.1202,-0.3327,-1.2254,-0.1028,-0.1989,-3.1075,0.6968,-0.1446,1,train
-1.0788,-0.5624,-0.1366,-0.4455,1.0844,-1.1617,0.4920,0.1435,-1.1777,0.0474,-0.0944,0.5014,-0.4501,0.3032,-1.6654,-1.0837,0.7850,1.0417,-0.0129,-0.5990,1.0827,-2.0918,-0.7996,0.6722,0.6526,-1.0323,-1.8874,1.4520,0.1530,-0.8962,0.0546,0.9018,-2.5918,1.1103,0.7401,-2.0810,0.7709,-1.7801,1.1394,0.3985,0,train
2.2524,-0.6107,2.7831,1.0473,-0.6399,-3.6571,-0.3718,-0.0729,-1.0821,3.6353,0.5433,-3.0776,1.7000,-0.3277,4.1960,-0.5466,0.7558,-1.9348,0.1980,-0.1754,-3.8884,-0.6106,-0.3474,2.2089,-2.1929,-0.5963,-0.5496,-3.8144,-1.0577,-0.1357,0.7845,3.1780,-0.4927,1.3575,0.9770,0.9218,1.1555,-3.5909,-0.1294,1.1133,1,train
0.7334,-1.1598,-1.3110,-0.6187,0.4752,1.5008,-1.2224,0.3066,-0.8542,-0.7323,-0.2764,0.6917,0.2129,1.1796,-0.9856,0.8893,0.9300,0.0695,0.4772,-0.5633,-1.0900,-0.4052,-0.6426,2.8901,-0.4851,1.6501,0.2021,0.3122,0.7434,-0.7791,0.9165,0.3764,-1.5158,0.6013,0.5525,0.4527,1.5849,-0.4143,0.5119,0.7483,0,train
-0.9003,1.1998,1.8704,-1.3000,0.5224,-4.5026,-0.1163,-1.6450,0.0691,1.7169,0.3420,-4.4484,0.4486,-0.2664,3.3744,-0.0675,0.1306,-1.3213,-2.5649,0.0341,-3.7656,-0.4545,0.4266,1.4374,-0.7632,-0.6101,-1.0573,-2.0375,-0.1403,-0.8207,-0.9845,4.0687,-0.6595,0.5851,0.4494,-1.8938,-1.0835,-2.9276,0.3420,0.7797,1,train
-1.9669,0.9798,0.3111,0.0209,-1.0766,-0.4654,1.5118,-0.8273,-3.4718,-0.8566,-1.1996,-0.1320,-0.3933,-0.9123,-0.8417,1.0478,-1.4425,1.9566,-0.5440,-1.0927,0.7873,0.5642,-1.0428,0.7487,-1.8397,-0.9237,1.1263,-0.2557,-1.3021,0.5140,0.9168,-0.0223,-1.8068,-0.3463,0.4181,0.7687,1.8531,-0.2527,-0.4824,-0.0383,0,train
1.2062,-0.9416,4.5031,-2.7490,0.7975,-3.8195,0.4591,0.6885,-1.1826,2.1765,0.2406,-2.3078,-0.9300,-0.9916,0.5263,2.5395,-0.1924,-0.2224,-1.4947,0.9300,-3.0620,1.4356,0.8519,3.0796,0.7270,-1.1119,-0.3257,-3.6002,-1.2693,0.0171,-0.1450,4.4810,-3.3528,-0.6721,-0.9185,-0.4641,0.4219,-2.2460,0.0283,-0.4741,1,train
-0.2012,-0.9127,0.3819,0.6887,1.7552,1.2661,-0.8054,-0.4578,-0.9385,0.3060,1.9805,0.7085,-2.1994,-1.2575,-1.2926,0.5151,0.0013,0.2999,1.7816,-0.8271,-0.8476,1.9658,0.3423,-0.7789,-2.0287,-1.5243,-2.4444,0.0683,0.0442,0.9930,-0.1393,-0.6936,-0.7411,1.9012,-1.7657,0.1737,0.0256,0.6167,-0.4046,0.4992,0,train
0.8156,-0.1474,2.9724,-0.1863,-0.9649,-2.8938,-0.3019,0.2102,1.3361,4.1046,-0.4453,-2.6189,0.2949,0.7616,2.8064,0.2657,-0.4688,-0.7846,0.8721,1.2988,-2.1639,0.4358,0.2662,2.6923,-1.7831,0.6634,0.1993,-3.4071,-0.9647,1.2779,-1.8043,4.2632,0.6396,2.3707,-0.7178,-0.0218,-0.5066,-2.8039,-0.2100,-0.7485,1,train
-0.2198,1.7048,-1.0970,0.9694,-0.7860,-0.3559,-0.3267,0.2705,0.8634,1.7499,-0.6364,1.3300,0.9954,0.8126,-0.7593,0.9007,-0.1074,0.3533,-0.2691,0.6641,1.1150,1.1310,-0.2053,0.9954,1.4520,-0.9353,1.4722,-1.3353,0.5427,0.5940,1.4828,0.2788,-0.4807,-0.7968,-1.2512,0.7660,-0.2369,-0.7177,0.5320,-0.7649,0,train
-0.4368,-0.4584,4.6428,1.4628,-0.1580,-3.8199,0.2765,0.0718,0.3489,3.5317,-0.3205,-2.2453,0.8369,0.2106,2.9902,-0.4807,0.6926,-1.0995,-0.1596,-0.7500,-4.2545,0.6037,-0.0257,3.5913,0.8744,-1.4940,-0.0671,-2.4508,0.8323,-1.0850,0.7159,3.1656,1.3558,1.1388,0.5496,2.1485,-0.0013,-2.6734,-0.3407,-0.9404,1,train
-0.7612,-0.7915,1.4588,0.5180,-1.0783,0.5211,0.4702,-0.2281,0.0224,-0.2981,-0.5297,-1.7310,-0.0884,1.2543,1.3984,-0.2721,-0.7293,-0.2066,0.8764,0.3431,-0.5699,0.3535,-0.2012,0.5031,-0.3979,-1.4356,0.0566,0.7417,-1.0801,-0.1047,0.8560,-0.3651,-0.6345,1.9793,0.8087,1.0015,-0.9215,1.5906,-1.6136,-0.5049,0,train
0.7204,1.2952,2.1004,-0.6462,0.1912,-5.0950,0.6218,0.5445,-0.4350,4.2026,0.7544,-2.8189,0.5073,1.4702,2.7151,0.1571,-0.5072,1.0037,-0.3954,0.4602,-2.5837,0.0643,1.6641,3.1417,1.3731,0.8001,1.2779,-3.6841,0.8982,0.7318,-0.5942,3.7780,-0.1244,-0.0345,1.2584,-0.6964,-1.6257,-3.9287,-0.4372,-0.6229,1,train
0.8590,1.5273,0.7969,-1.4412,-0.2960,0.5661,0.4004,-0.7819,-0.8579,0.9307,-1.2854,1.3813,0.0194,0.2896,-1.2844,-0.5738,0.6635,-1.4161,1.9933,-1.3510,-1.1759,0.0415,0.4634,0.7053,-0.3570,-0.1995,-0.2271,-0.5530,-2.4791,0.9245,0.2414,0.1525,-0.6043,0.2414,-0.0127,-0.0738,1.0622,-1.6548,0.2420,-1.0246,0,train
-0.3054,1.4401,2.4643,-0.0959,-0.5682,-2.3878,-0.9409,-1.6165,0.4937,2.2941,-0.3067,-2.3422,-0.8527,-0.3587,2.7166,0.3971,-0.4962,0.9939,2.1525,-0.3925,-1.4510,-2.0258,1.3510,2.3005,0.1319,-0.3262,-0.6112,-4.0677,-0.3790,1.2448,1.0949,2.8556,-0.5070,-0.6740,-1.1520,1.7321,0.6371,-3.0534,-0.4718,-0.9815,1,train
0.9711,-0.8035,1.5157,1.2908,-0.0098,0.4466,-0.7470,-0.1463,-1.2679,0.0856,0.1914,1.2899,0.9099,0.7822,-0.3474,-0.2158,-0.3272,0.2134,-1.8533,0.7401,-1.5043,-0.4947,0.0214,-0.4930,1.5964,-0.0938,1.5088,1.1269,-0.4771,0.3848,1.2464,-0.3197,0.0848,-0.5358,0.0563,-0.3397,0.0793,0.9619,1.3372,0.1278,0,train
0.1939,0.8219,2.5697,-1.0162,1.0659,-4.4880,0.8932,-0.9261,1.7572,1.8342,0.8150,-1.7125,-0.9226,1.4260,2.5623,-1.6937,0.6930,0.6734,-0.1946,-2.4241,-2.7018,-0.2936,-0.3642,2.4523,-1.7184,-0.5444,1.7280,-0.8403,-0.3471,-0.6835,0.3805,4.0827,0.6942,-1.1223,0.1556,0.1347,1.3809,-1.8304,0.5029,1.1675,1,train
-0.3137,0.4784,-2.0316,-0.0227,0.0838,-0.2553,0.7623,1.6822,-0.4279,-0.9022,-0.5802,0.0891,0.5626,-0.8266,0.9593,-0.9835,0.7941,0.4102,0.4451,2.0713,-0.2531,-0.1589,0.4573,0.8285,-1.2850,0.2639,-0.7119,0.6051,1.3147,0.0495,-0.1023,0.1760,-2.8369,0.7397,0.5388,0.1579,-0.3801,-0.7016,-0.1720,1.1648,0,train
-0.0983,1.2936,0.2226,-0.4413,0.2631,-2.8709,-1.5937,-0.6383,1.1998,1.8323,-0.9511,-4.1825,-0.5298,0.6171,3.4612,-1.9491,1.4014,-0.5687,-0.5650,1.6009,-3.4041,-1.1900,-0.6134,2.2284,-0.9692,-0.3199,0.8423,-2.1628,-1.3255,2.6758,-0.9503,3.4483,0.0302,0.7310,-0.3152,0.4383,2.0216,-2.7683,-1.0393,0.3152,1,train
1.1644,-0.6285,0.5499,0.3024,-2.5890,-1.4335,-1.0746,1.3504,-1.8125,0.8771,1.0485,0.4754,0.6474,-0.4759,-0.0102,0.2158,0.4040,0.6789,-0.1984,-0.6732,-0.5399,0.3945,-1.5946,-1.2036,-0.3954,-0.5308,-0.2596,-2.5561,-0.3273,-0.2411,0.7452,-1.9005,-0.2938,0.4556,0.4700,1.1484,1.0134,-1.0078,0.6112,-0.3217,0,train
-0.7715,1.4738,2.4512,-0.8208,-0.3919,-3.4795,0.9677,0.3653,1.3462,3.5513,-0.5914,-0.9029,-0.6297,-0.4446,2.5297,0.0377,1.1493,-0.5830,0.3385,-0.0266,-4.3044,-1.0535,-0.2114,2.4480,0.3084,0.4612,0.0468,-3.2925,0.4107,-0.9654,-1.2935,2.7159,-1.3771,-0.4957,-0.7199,-0.5340,-0.0432,-3.8108,-0.4074,-1.6480,1,train
-1.4427,0.2214,0.1435,-0.9380,0.7181,-0.0473,0.0180,-0.4337,0.5285,0.0938,1.0972,0.4357,-0.5957,-0.2155,0.8865,-0.3526,0.3695,0.5041,-0.1735,-2.2490,0.1274,0.2067,0.1310,-0.7339,1.1684,-0.1302,-0.6026,-0.6934,0.3466,-1.0548,-0.9676,1.9340,1.2670,1.0191,1.3201,0.5756,-1.6298,1.1554,1.1984,0.4744,0,train
-1.8930,1.2026,4.2952,-0.4762,0.1235,-2.3332,-0.0825,1.0634,0.0787,4.4968,0.0826,-5.1306,-0.9640,3.0675,4.1499,1.2699,1.1029,1.6614,0.5372,-0.5774,-3.0342,-1.8604,-0.1824,4.2598,-2.0966,0.1909,0.7991,-2.2425,-0.8984,-0.6322,-1.8196,2.2101,0.5180,2.0081,-1.1120,1.3379,0.4146,-3.6201,2.1298,-2.4476,1,train
-0.1783,-0.3967,-1.1944,1.8941,-0.4337,-2.0212,0.2566,-0.0330,0.1711,1.7642,-0.1032,-0.2580,-0.7256,-0.0218,-0.4265,0.1991,3.0375,0.3825,-0.8332,1.8769,0.8404,0.7938,0.6955,0.7970,0.6563,1.3719,0.9794,1.3119,-0.4882,-0.0022,-0.7094,0.9317,0.8089,-0.4534,0.5689,2.5553,1.2037,-1.0863,-0.0898,0.6181,0,train
-0.0347,0.3763,3.8424,0.3196,-1.0687,-1.9027,-0.0948,0.1109,-0.5514,1.2256,-1.2138,-4.3223,-1.0413,-2.6440,4.7806,-1.1312,-0.7058,0.5177,-2.3475,1.3070,-3.7525,0.6428,-0.4691,3.5871,0.1026,-0.0011,-1.7793,-4.0511,-0.0403,1.3734,-0.5313,2.4341,0.1583,0.4711,0.9662,-1.4598,0.2675,-2.4631,-0.3042,-0.8317,1,train
0.1376,1.4025,-0.0410,-0.9750,-0.2355,-0.9720,-1.3589,-0.2263,-0.3894,-0.7912,-0.8630,-0.9064,0.2302,1.3576,-0.2050,2.1786,-1.5766,0.2672,-1.1270,-0.1571,0.0996,0.5446,1.1010,-0.5408,-1.2107,-0.1834,0.2862,-0.6807,0.8707,1.6409,-1.3862,0.3531,0.9908,-1.8728,0.2005,-0.2196,-1.3874,1.2823,0.2117,-0.4667,0,train
0.4324,0.6264,3.6671,0.5654,0.3983,-4.2332,-0.4105,0.1254,-2.6975,4.7196,-0.3699,-4.1630,-1.7728,0.2428,2.9535,-0.5690,-0.4062,-0.8657,-0.7304,-0.0955,-3.3020,0.6616,-0.1389,2.6445,0.3951,1.2387,0.5862,-3.0937,-0.1591,-0.7853,-0.3337,3.8041,0.2207,-0.3779,-1.2980,-1.4938,0.3136,-1.6531,0.3644,-1.3383,1,train
-0.9882,0.8673,0.5808,-0.2968,1.5522,-0.2822,-1.0291,1.0639,-0.1834,0.3364,0.0371,-0.9761,-1.1563,-0.1892,1.3690,-0.9775,1.3232,0.2146,-1.0831,0.2597,0.5525,-0.8756,-2.0738,0.3471,-1.0805,0.4291,-1.8609,-0.1381,-0.7878,-1.4412,-0.2347,0.1667,-0.5421,-1.1491,0.2066,-1.7017,0.5205,0.4773,1.6320,0.8593,0,train
0.3450,0.2564,2.6968,-1.2890,1.4222,-2.2961,-0.2782,-1.1141,1.4427,3.6021,-1.1521,-2.0933,1.8424,-0.0221,3.8346,-0.4041,-0.6108,1.0428,2.9916,0.1133,-2.8731,0.7707,-0.2961,4.0376,0.8050,-0.9872,-1.0416,-3.1818,0.8086,0.2692,1.2051,1.2621,0.4788,-0.6043,0.0972,0.3124,-0.9418,-3.1374,-1.1296,0.2583,1,train
-0.8116,-0.3508,-0.2630,1.7638,-0.4063,1.5214,0.4335,-1.2671,-2.2428,0.6575,-1.9297,0.6964,0.9971,0.3783,-0.2031,-0.2432,0.2512,-0.2936,-0.5185,-0.3585,1.1337,-0.6012,0.3678,-1.1153,-0.6902,-1.3309,-0.1916,0.6613,0.2957,-0.4772,0.5922,-0.3360,0.3605,0.2649,0.5243,-2.3983,-1.2610,0.7490,-0.1036,2.1715,0,train
-0.2273,-0.5337,4.6057,0.5377,1.8368,-2.4313,-0.1970,0.7006,-0.7622,1.7727,-0.5369,-3.2913,0.7534,-0.4655,2.9038,-0.4821,0.8544,-2.6653,-0.2010,0.1631,-3.7553,0.9797,0.2093,4.4251,0.9298,0.6199,-0.1445,-4.1659,-0.2129,-0.4445,0.2416,2.4382,2.9535,-1.5444,1.1350,-0.4541,-0.2343,-2.9437,0.0027,-1.1716,1,train
0.4051,-0.5927,0.2284,-0.1171,-2.1281,-1.5216,-1.3425,1.9942,-0.1776,-0.2668,-0.5452,0.9471,0.0269,1.6467,0.7611,1.5876,-0.1132,0.3621,-0.4178,-0.1629,-1.6697,-0.5608,-0.9177,-0.6287,1.1734,0.2524,1.1818,0.8276,0.8873,0.9686,-0.5837,0.7736,-0.3105,-0.5114,1.1520,2.0861,-0.9431,1.6747,0.8010,-0.8169,0,train
0.2634,0.3579,3.3268,-0.3437,-1.2389,-2.8309,0.8303,0.7563,0.6369,4.0764,-0.9553,-3.5814,0.3281,0.9625,3.2657,0.4993,0.1287,2.0218,-2.1036,-0.0237,-0.6025,0.2271,-1.7649,2.6769,-1.3811,-0.6543,0.2164,-0.9337,0.4457,0.6441,0.9809,3.3376,-0.8256,-0.0944,0.3243,-0.2665,-0.6430,-3.0095,-1.4462,-0.9867,1,train
0.4133,-1.0335,0.1293,-0.0702,0.9589,-0.3775,-0.3583,0.2366,0.0528,1.6260,-0.2477,-0.5163,-0.3072,0.4562,0.2252,0.6673,-1.3315,2.3842,1.7708,-0.0301,-1.1634,0.1490,0.3994,-2.1481,0.0131,-1.4224,0.4409,1.3297,0.9946,-1.4492,1.3295,0.8719,-0.3473,0.4831,1.4601,-0.3192,-0.0150,-0.5382,1.1128,-2.0724,0,train
1.3660,-0.9310,4.3549,-1.5639,-0.9013,-3.5881,0.7970,-1.5600,0.5802,2.5812,1.1948,-3.3192,0.4679,-0.1653,4.8847,-0.3465,-0.0240,1.9090,0.0746,0.6601,-3.3243,0.1921,-2.1827,2.7513,-0.6223,-1.4461,-1.3626,-1.6309,0.4104,-1.4589,1.7454,2.1887,-0.3550,0.2372,-1.0941,-1.5562,-0.7174,-2.1015,0.9158,-1.5202,1,train
-1.1702,1.5341,-0.6085,-0.5663,0.6767,0.4175,-0.3262,-1.0298,-0.9625,-1.5379,1.1003,1.0425,1.7978,0.4800,0.3202,0.7287,0.9154,-0.2491,0.3390,2.0729,-1.6300,-1.3527,-0.9270,0.7251,1.1433,-0.3261,0.6465,-0.0466,0.2887,-0.5202,-0.0262,-0.0045,1.0888,2.1484,-1.7471,0.5127,-0.0048,0.9320,1.0219,0.7514,0,train
0.7786,-0.9145,1.1535,1.6074,1.1638,-3.6647,1.2426,0.6421,-2.3629,3.8918,-0.9507,-1.5464,-0.6561,-0.7158,1.1102,-0.2087,0.9801,-0.6466,-1.7917,2.0654,-1.1078,0.6650,-0.5179,2.4061,-1.5786,0.5379,1.2520,-3.9419,-0.0003,-0.2674,-0.2470,3.6866,2.0159,-0.6136,0.8188,1.0492,-0.2739,-2.5779,-1.2928,1.0394,1,train
-1.8774,1.7522,-0.3839,-1.4834,-0.1021,0.5854,-1.6651,-0.8506,0.2502,-0.8891,0.7686,0.9277,0.4269,-0.4142,-0.0448,-0.6102,-0.1259,0.3068,-0.2897,0.9390,2.5037,-0.5279,0.3311,0.7942,0.6221,-0.2296,-0.4628,0.9692,0.6031,0.4890,-0.7759,0.6099,0.7674,-0.1786,0.6241,2.0975,-1.8127,0.5860,-1.1311,-1.3178,0,train
-0.2273,0.5275,3.1774,-1.1261,-1.3899,-3.1891,0.0133,-0.8025,-1.4533,5.0148,-0.8109,-3.8965,-0.5302,-0.5660,2.5631,-0.2879,0.5989,-1.1459,-1.4376,1.8861,-2.9764,0.7433,1.1416,3.1183,0.0353,-1.5052,-1.5498,-1.3002,0.6554,0.5511,-1.6060,1.1787,-1.0228,-1.1442,0.1543,-0.9897,1.5328,-3.8737,-0.5442,0.8372,1,train
0.9452,0.4157,-1.9544,-0.0262,-0.6484,-1.1420,-1.0739,0.7429,-0.2877,1.9087,0.4571,-1.8538,0.8683,1.2136,0.0305,-1.1780,1.7184,-1.2762,-0.0815,-1.8531,-1.2193,-1.6528,1.0591,1.1462,-0.3942,-1.3191,-0.0586,0.3687,-1.4852,-1.1276,-0.0998,0.6851,0.0726,0.4380,-1.2166,-2.4256,0.3037,-0.8941,-0.1209,-0.3677,0,train
0.4686,-0.7530,4.7555,0.0304,0.5161,-2.3000,1.0123,0.3942,-1.7080,2.5395,1.8167,-2.5251,0.5478,0.4564,2.1613,-0.6625,-0.6319,1.1320,0.3562,1.7400,-2.5422,1.8494,0.4476,1.2616,1.7035,0.3304,1.1666,-2.9627,-0.3205,0.1660,-1.0992,1.7156,-0.8705,-0.5142,-1.3292,-0.1011,0.2986,-0.5856,1.8052,-0.0489,1,train
-0.3535,0.5443,-0.6679,0.4670,0.5605,1.5328,-1.0690,-0.1093,0.5034,1.4764,0.2581,0.7422,-1.4443,-0.5746,1.6357,-0.2800,2.1297,-0.7172,-0.2738,-1.5708,0.6265,0.2606,1.9893,0.1630,-0.2470,-1.3887,-0.0811,0.9336,0.7303,1.2113,0.8531,-0.0458,0.5968,0.1703,-1.3152,1.6898,0.3699,-1.0379,0.3805,0.2844,0,train
0.9845,1.4269,-0.5732,0.5485,1.5128,-3.9927,-1.8370,0.2763,0.3324,3.4285,-1.0976,-3.7493,0.1928,0.7371,5.4954,0.2909,-0.5964,-2.3359,1.0635,-0.1306,-2.8894,-0.9786,0.7273,1.6490,0.1074,0.1200,0.2973,-2.0322,-0.0981,0.0934,0.8490,1.6502,-0.2897,0.0672,0.9476,-0.7938,0.7974,-2.8091,-1.4755,-1.4677,1,train
-1.2778,0.3590,-1.0260,-1.1843,-0.3474,0.1385,-0.0531,-0.3282,-0.9940,0.1854,-0.7366,-1.3997,0.0928,1.4451,-0.4024,-1.0556,1.3768,1.7026,-0.2925,-0.2099,0.2106,2.9355,0.1331,0.9892,0.4413,-1.8105,-1.0965,-1.2265,0.4310,0.1058,1.7815,-0.2690,0.3069,0.0748,0.1385,2.3063,0.2835,1.4657,1.2924,-0.6046,0,train
0.6828,-0.3794,3.6066,0.1575,0.0209,-3.3936,1.5511,-0.2642,0.7001,4.5667,0.6240,-2.1194,1.3841,1.0848,4.6167,-1.4235,1.9525,0.0278,-1.7427,-0.6385,-3.6179,-0.0216,-1.4855,2.1036,0.2950,0.1565,-0.7957,-3.0829,-0.0987,0.0747,-0.0069,2.5506,0.8768,-1.6029,-0.4928,0.1332,-0.4003,-3.8025,-0.4364,0.2086,1,train
0.0441,-0.5639,-2.1753,-1.7188,0.0139,-0.1172,0.4377,0.2230,-0.4780,-1.2641,-1.0940,-0.1391,-1.1481,0.7552,-1.3256,-1.7906,-0.1937,-1.7740,1.6269,-0.9918,-0.0518,-0.2440,-0.8198,-1.7669,-1.8607,0.8646,1.0209,2.1629,-1.4620,0.5605,-0.0141,0.8454,-0.5137,0.7214,0.8957,0.6064,1.4465,-0.1747,1.5437,-0.7005,0,train
1.6671,-2.7465,3.2054,-0.8005,0.0016,-2.3529,0.7181,0.0950,1.7016,1.2873,-0.8142,-0.9249,0.3281,-2.0745,3.3241,-1.1843,1.4774,1.1438,-0.5470,1.2935,-3.1645,0.9202,0.5790,2.8760,-1.4216,-0.2797,-2.2895,-3.8719,-1.8505,1.2155,-0.9665,1.1719,0.5843,0.3689,-0.5068,2.1174,0.7735,-3.0397,-0.6449,-2.9556,1,train
0.1965,0.7499,1.3999,-0.3193,-1.2281,-0.7917,-1.2587,-0.8889,-0.1208,0.3429,0.1562,0.0698,-0.3571,0.4235,0.8854,0.7597,1.4975,-0.2901,-0.2515,1.6945,0.2010,0.4129,-0.3362,0.9688,-0.4025,-1.0076,-0.0606,-0.4423,0.8339,-0.3777,0.1234,-0.2171,0.3402,-0.6303,1.1047,-1.4239,-0.3853,-0.7085,0.6479,0.0400,0,train
0.4849,-0.3300,1.8891,-1.1195,-0.3341,-2.8837,0.2800,0.3548,0.9770,2.9027,-0.7485,-4.1584,0.0612,0.3609,4.7644,0.1819,1.7575,1.8732,-1.0488,1.2104,-1.9384,1.3455,-0.0099,3.3442,-0.4811,-0.0702,0.0191,-1.3742,-0.2153,0.9551,0.0661,2.4574,0.2426,0.6600,-0.7121,0.6343,-0.7124,-3.9882,0.2200,-0.2353,1,train
-0.6129,0.0793,0.1300,1.0694,0.2761,0.2538,-0.7236,0.8620,1.1725,-0.4936,0.6389,0.3081,-0.0467,-1.2856,1.7565,-1.8654,0.3029,-0.3761,1.1444,-0.4226,0.0394,0.6105,0.4559,-0.5193,0.6807,0.3915,0.9876,-0.5103,-0.0460,-0.3906,-0.8368,0.2545,0.4085,1.4171,-0.3249,0.3866,1.1406,-0.1137,0.0630,0.1338,0,train
-0.6885,-0.9858,3.9119,0.1727,-0.0744,-4.0462,0.1174,1.1698,-1.1471,2.2462,1.1056,-1.3419,1.5472,-0.5507,4.0396,-0.7480,0.5187,-0.3635,0.1953,1.3358,-2.6618,-0.2397,0.0557,3.4160,-0.5103,0.2057,0.5971,-2.4568,-2.0511,-1.1837,-1.2308,3.6927,2.4272,0.1927,0.1207,1.1322,-2.4276,-3.5461,-3.0978,0.1538,1,train
-0.8212,1.2389,0.9578,0.1391,0.9847,1.5973,1.3677,0.0014,-0.0542,1.0991,-1.4596,-0.5979,0.4810,0.5645,1.8455,1.7448,0.3215,0.4376,-1.3069,-0.1835,0.2590,-0.2239,0.0596,0.6026,-0.9426,-0.5622,-1.7605,1.1339,-1.0450,-1.6862,0.7627,-0.2116,0.9564,-0.3647,2.1036,0.7068,0.1492,0.1144,-0.2036,0.8004,0,train
1.9781,-0.4175,1.9693,0.5909,1.0553,-4.8976,-0.6839,-0.9851,0.5557,3.7630,-0.7251,-4.0421,0.6750,-2.0310,2.7768,-0.1532,1.8957,0.9813,-0.5722,-0.2706,-3.8254,-0.7182,0.0806,4.1872,-1.4873,-0.2247,1.4725,-2.0971,-0.8025,-0.7950,-0.8429,1.3826,1.1337,0.0685,-0.6875,-1.4132,-0.3785,-3.1282,1.6958,-0.4526,1,train
-0.8840,-1.4598,0.4936,0.5098,0.1718,0.7675,0.5272,0.1202,-0.8685,0.5812,1.1667,0.6205,1.2267,-0.4646,-0.9622,1.2296,-0.5734,0.2387,-0.1873,0.0216,-0.2657,-0.5295,-1.7506,1.8711,0.1999,-1.8895,-0.8901,-1.1051,-0.7282,-2.5003,0.5643,1.6087,-0.2414,0.7297,0.5894,-1.2210,1.1954,-1.6529,-0.5640,-0.3520,0,train
1.2318,0.1165,2.7391,-0.7882,0.0883,-2.5892,0.7158,1.3669,0.7227,2.9584,-0.1496,-1.1487,0.1969,-0.0159,4.9695,1.5360,0.5572,-0.1064,-0.6211,1.0449,-2.7550,0.9401,-0.7666,3.5435,0.3940,0.1418,0.2289,-2.9232,-1.0986,-1.0856,-0.1440,4.9918,-0.1216,-0.9063,-0.6453,0.0333,1.1565,-4.1386,0.5485,0.1830,1,train
0.5893,-1.6692,0.0520,0.4396,-0.6676,-1.1042,0.4227,0.4995,-0.4151,-0.2367,-0.4946,-0.5537,-0.0562,1.0480,-1.5709,-0.3320,1.5752,0.3098,0.1503,0.8153,-0.9787,-1.1799,-1.6186,-1.4220,0.2428,0.8285,-0.4061,-0.6629,0.3939,0.5984,0.2502,-1.8564,-0.5309,-2.4683,0.2369,-0.8277,-0.6389,1.4650,1.2879,0.4697,0,train
0.2688,0.1685,2.1822,-0.0494,1.8624,-3.6225,-0.6447,0.1580,0.8688,4.4175,-0.9410,-3.4050,-0.2578,-1.2002,3.1312,-0.4679,0.8951,0.4216,-0.7590,0.0788,-2.9216,-0.6176,-0.4733,4.3790,-0.4021,-1.6675,-0.7532,-2.4198,2.0938,-1.0246,-0.3458,3.5352,-1.3685,0.3908,-0.0493,0.2716,2.1774,-3.8325,0.7720,0.8113,1,train
0.7820,0.2607,0.0605,-0.5352,0.3002,0.2375,0.6339,1.0564,0.3036,-0.5276,0.7851,1.5098,-0.8114,0.4084,0.5331,0.5216,0.4910,-0.0881,-0.0987,1.6400,1.6841,-1.3623,-2.4665,0.4262,-0.6552,-0.5020,-1.5491,0.3439,-0.0529,-0.5243,0.8737,2.3640,1.4336,1.1412,-0.3999,0.6403,-0.0365,1.1249,0.5661,-0.0336,0,train
0.5375,-0.6972,3.8849,1.4620,-0.3508,-2.2783,-1.6183,0.9107,0.8530,1.6570,1.6943,-2.8008,-1.6808,-1.3297,4.0079,-0.2643,1.0724,-1.5058,-0.0956,0.9496,-3.3258,0.6612,-0.3487,3.7665,0.3137,2.1696,-1.2028,-1.5976,1.2750,-1.0919,0.0794,5.4023,1.0205,-2.8813,-0.2304,-1.6609,0.2947,-3.5540,-0.5455,-0.8128,1,val
1.5287,-0.6248,-0.6443,-1.3033,1.9294,0.6002,-1.0536,-0.3261,-0.9301,1.4798,0.4062,-1.9781,0.2039,0.8893,0.0019,0.4600,-0.1069,0.2031,0.2069,-0.6873,0.3380,0.1608,-0.0371,-0.6641,-0.9852,0.2393,0.8025,-2.3488,-0.5198,1.3156,0.8898,-0.6926,1.3141,-0.9590,-0.7673,1.8850,-0.4239,-0.2102,-1.6031,-0.9822,0,val
-1.1426,-0.1337,1.8396,1.0334,-0.3456,-4.3740,-0.6165,0.7231,1.4912,3.1171,1.5690,-1.4337,1.3050,0.2907,1.6228,0.6555,-0.3975,0.1891,-1.8327,-0.2747,-2.5285,-0.9113,0.2859,5.0558,0.2245,-0.6663,2.3199,-4.8238,-0.8945,0.3973,-0.5752,0.8164,0.2532,0.8089,-0.7734,1.4272,0.4865,-1.0354,-1.4859,-0.0029,1,val
-1.4658,1.7335,0.0576,0.2100,-2.1395,-0.0323,2.0187,-1.4579,-2.3174,-0.1575,-0.5179,-0.2049,-1.2258,-1.3231,-1.2052,0.6251,-0.0461,0.8024,-1.0525,0.5763,-0.4315,0.0871,0.9114,0.0325,-0.3430,-1.6254,0.0624,0.7658,-0.6178,-0.0650,-1.7283,-1.3048,0.3943,1.2673,-0.3035,-1.6353,-0.3716,-1.5302,-0.2694,1.8900,0,val
0.2929,-0.1490,3.7081,-0.3718,0.3254,-3.0172,0.4367,-1.4399,0.6962,3.5325,-2.2365,-5.8281,-0.8780,1.4625,2.8752,0.6656,0.5438,0.8717,-0.6261,-0.5749,-2.2593,0.5974,0.5639,3.7939,-0.4761,1.0853,0.4632,-2.6086,-2.4977,0.9921,-2.3981,3.1670,-0.6535,0.1186,-0.4683,-0.3053,0.1897,-2.6391,-0.7862,-2.4908,1,val
0.9450,-1.3093,-0.8605,1.1170,0.8888,-0.4870,-0.7672,0.3460,-1.3896,-0.4926,-0.2290,-2.4313,0.5835,0.7553,1.0542,-1.4212,-1.2697,-0.8060,-1.2906,2.0320,-0.9665,-0.3099,0.2041,0.4513,1.4360,-1.0778,0.8712,0.1478,-1.1605,0.1494,-1.3889,1.6067,-0.7233,0.9976,1.2896,-0.6129,-0.8899,0.1300,-1.0402,0.8927,0,val
0.1741,-0.7573,2.3794,0.7200,-1.4389,-1.3820,-0.7795,-0.1946,-0.9184,4.4670,0.8182,-1.1618,0.6490,0.0893,4.8659,0.6607,0.4341,0.5736,0.7320,0.2771,-3.3202,-1.5873,2.0488,1.9363,-2.1440,-0.7100,1.9254,-2.2826,-0.5993,0.2637,-0.0242,0.5274,-0.3331,0.2909,1.1679,-1.1988,-2.2496,-3.6362,0.3297,0.0805,1,val
-1.7805,2.1347,-0.9125,0.3986,-0.0151,0.7276,3.2075,-0.5161,-0.1698,-0.5968,0.2450,0.5199,-0.9693,1.3164,1.1459,0.4448,-0.1102,-0.2369,-1.6432,0.6556,-0.9745,-0.5018,0.9962,-0.9194,-0.5218,0.8578,1.8567,-0.6902,1.1035,-0.6542,0.3880,0.4841,-1.1383,1.0252,1.7991,0.0520,0.2695,-1.1721,1.7877,0.0630,0,val
-1.2762,0.7645,1.5059,-0.6863,-2.1314,-1.8182,2.2104,-0.6346,-0.6535,2.7206,-0.5653,-2.1334,1.4585,-1.0076,3.3948,-1.8026,1.5237,-0.0883,-0.7002,1.5309,-2.8013,1.3699,1.0742,4.5856,-0.8002,0.0567,0.3683,-2.6196,1.5228,-0.7141,1.0024,4.7449,-1.9532,-0.9695,-0.9036,-0.5461,0.3904,-3.4423,0.0789,-0.4593,1,val
-0.1225,-0.6840,-0.4564,-0.6655,-1.5436,1.6332,3.2898,-1.2294,-1.1669,0.5784,0.6057,-1.5733,-1.9210,0.5422,-1.9916,1.4231,-0.4952,0.0855,-0.0031,-0.5595,-0.1421,-0.2997,1.2445,-0.0918,-0.0320,-0.5293,-0.6343,-0.7366,0.0104,1.8368,1.1153,0.2365,1.6688,1.0139,0.2073,-0.1645,-1.0974,0.2485,-0.3158,-1.5851,0,val
-1.2846,1.9363,2.7561,0.4979,0.2000,-3.5512,0.4614,1.0835,-0.3088,3.4694,1.0252,-3.8637,0.1695,-0.7397,2.9641,-0.3690,1.1464,-0.7640,1.6891,-0.3106,-3.6144,-0.9038,0.6627,1.9424,1.8045,1.2824,0.5181,-4.2956,-0.0241,-0.7262,-1.8115,3.7140,2.2015,-0.5359,0.8092,1.2839,-0.9609,-3.0886,0.2683,0.4721,1,val
2.7380,-0.7071,0.8401,1.0199,0.9647,-0.2041,-0.8296,-0.2551,0.6656,0.1212,0.5819,0.5746,-0.8839,-0.9351,1.4412,-0.4861,-1.5844,1.8594,-0.8336,-0.9339,0.9674,-1.1317,-0.8709,1.0480,-0.8199,2.5082,0.0976,2.6844,0.1293,0.0554,-0.6413,-0.2225,-0.5009,-0.0235,0.7717,-1.2712,-0.9179,-2.0936,1.5041,-0.0745,0,val
-0.0137,-0.0580,3.9287,0.3211,0.8502,-2.6667,-0.1211,-0.0556,-1.8625,3.5467,-1.5778,-4.6594,0.6709,0.0552,3.8057,1.7060,1.8620,1.3826,-0.2256,2.0488,-4.1008,-0.0863,0.9965,2.9106,-0.1211,-0.3531,1.3647,-5.6579,1.2727,1.0597,-0.0723,2.9509,-0.9684,1.1093,3.0605,-0.9194,1.3962,-2.6769,-0.3380,-0.4870,1,val
0.6332,0.9983,-1.1445,-0.5780,-1.0687,0.6531,0.3444,0.0328,-0.6500,0.3433,0.0319,-0.7436,0.3333,-0.6646,0.9519,0.6260,-0.6876,0.5871,0.0672,-0.7059,-0.9140,-1.6628,-1.1307,0.3469,1.2075,-0.6283,0.1596,0.3444,0.7807,0.4431,1.2271,0.7663,-0.7619,0.3967,-2.3421,-0.1794,0.0205,0.5794,-0.3017,0.8324,0,val
1.3210,-0.8394,3.3541,0.2605,0.4904,-2.8031,0.8309,-1.1824,0.7759,4.5490,1.1100,-2.8509,-0.2376,0.3997,2.6631,-1.5866,-0.6053,-0.0405,-0.5158,-0.9326,-3.2509,-0.3716,0.0692,2.7255,0.1719,0.9933,0.1366,-2.1838,-1.2224,-2.9478,-0.4004,3.7973,-0.3393,-0.6233,-1.2398,0.8918,-0.5276,-2.4446,1.1308,0.5361,1,val
1.6796,-0.7408,-0.5443,0.0914,-0.5186,0.0534,-0.6078,-1.4219,-2.4126,-1.2899,1.5215,0.4444,0.1538,-0.4647,-0.1454,0.2990,-1.3893,-0.7983,-0.8905,1.2590,-1.0565,1.1726,-0.4656,2.7260,-0.0785,0.0323,1.3508,0.8748,0.9392,-1.0691,1.1359,1.6799,-0.1023,-0.4841,-1.0915,1.0174,0.2940,0.0067,-1.2352,1.6210,0,val
0.8752,-0.0201,4.5775,-0.9513,0.8816,-4.4255,1.4109,-0.2751,1.2230,2.3695,0.3987,-2.1246,-0.9021,0.0969,1.7360,0.8521,-0.6037,-0.3728,-0.2027,1.1648,-4.5596,-0.0255,-0.3289,2.4220,-0.7873,-0.1596,0.1960,-4.2761,0.2338,-1.1842,0.0149,5.3508,-0.9676,-0.0659,-0.2546,0.9816,-0.4743,-5.4828,-1.6111,0.1771,1,val
-0.8473,-1.2398,-1.0153,-1.1551,-0.0506,0.3508,-0.1643,0.1970,1.1852,-0.2886,-1.2527,-2.2857,0.2420,-0.6800,-0.2490,0.4097,0.4626,-1.5678,-0.9572,0.0743,-0.1438,1.1468,-0.5017,-2.0647,1.1702,-1.6356,-0.9705,0.3896,-1.0592,2.4885,0.2383,0.5354,-0.4363,2.2167,0.5399,-0.7169,1.2547,-1.6893,-0.5864,0.2885,0,val
0.1379,-0.9591,5.4547,1.4714,-0.9348,-3.4077,-0.6343,-0.4327,0.9863,3.1738,-0.1083,-3.6842,-1.1722,1.2209,2.2702,1.3084,-0.4582,-0.4557,1.4857,0.1913,-4.1711,-0.5356,0.6054,4.7911,0.6137,-0.3934,-1.1213,-3.7502,-0.1190,0.2449,-0.6555,4.4896,-0.9577,-0.7139,0.4973,0.4809,-0.3901,-1.3395,-1.4080,1.6338,1,val
-0.2080,1.7177,-2.9220,0.3850,0.9218,0.3278,0.1944,1.3869,0.3354,-1.8921,-0.9444,-0.2961,0.1443,-0.4474,-0.1048,1.6683,-2.9318,1.1517,0.9364,0.6021,0.0153,0.0637,0.3635,0.2421,-0.7235,0.7809,-0.8254,-0.0404,-0.3581,-1.1505,0.6050,-0.0694,-1.1642,-0.0777,-1.3768,1.4331,0.5157,1.9837,-0.5665,0.7046,0,val
-0.9666,-0.8502,2.7779,0.4105,0.9225,-3.0960,1.1003,0.9626,-0.8730,2.6360,-0.9136,-1.1387,-0.5494,0.8825,3.5650,-0.2531,-0.4854,0.3433,-0.7727,-1.2605,-3.9422,0.3376,0.1914,4.5524,-1.8208,0.5011,-1.1495,-1.7825,0.6929,0.1266,1.4682,2.0780,-0.5276,-1.0469,-0.6534,0.1147,0.6697,-1.7833,-0.2674,-0.7261,1,val
0.5692,0.6436,-0.5450,-1.1327,-1.2928,-1.1646,-0.6386,-0.3078,-1.7615,0.6653,-1.5280,-0.6805,-0.7164,0.8228,1.8250,-0.3506,-0.2721,-0.3888,-0.1983,-0.1679,2.4475,-1.0791,-0.1083,-0.7817,0.3537,-0.5148,0.5700,-1.0705,2.0919,0.2078,-1.7510,0.6929,-0.4650,-1.1426,0.4373,-0.5125,0.7311,-0.5413,0.8938,0.1475,0,val
0.3541,0.1561,2.1683,-0.3569,0.4472,-2.2692,-0.4038,2.2116,1.6736,2.5286,1.0750,-3.1802,0.2305,-0.7788,4.6084,-0.8130,-0.0804,-0.7143,1.9106,1.2377,-3.4866,-0.4432,0.3601,2.4047,-0.3497,-1.0606,0.2479,-4.2899,0.8224,2.3636,-0.3216,4.2481,0.3687,-0.6584,-0.3400,-0.9450,0.1135,-2.8407,0.9187,-0.2728,1,val
-0.5578,-0.8549,-0.5716,-0.0892,0.9851,-0.5534,-1.7570,-0.0752,0.5152,1.5160,-1.1058,1.4576,0.6665,0.4490,-0.7556,-0.8638,-0.9406,0.9186,0.2159,1.0506,1.7903,0.0214,-0.0465,1.8842,-1.2844,-0.4365,-0.3637,-0.3685,0.1415,-0.8190,1.1433,-1.3341,-0.8016,-1.6535,-1.3791,0.5796,0.6192,-0.1892,0.8309,0.6095,0,val
-0.5673,-0.0341,3.3630,1.9742,-0.4330,-2.8001,0.5367,1.1979,0.4182,4.0526,-1.0462,-3.4226,-1.9036,-0.0443,4.9902,0.2418,0.0876,0.2654,0.1429,-1.2912,-3.7011,-0.1653,0.1660,2.0230,-0.1040,-0.7123,-1.2968,-4.0618,-0.7914,0.8254,1.3170,3.0846,-0.2081,-0.5382,-1.5436,-0.5089,1.5382,-2.3753,0.2210,-0.2341,1,val
-0.0840,-0.4850,0.0214,0.1270,-0.2286,0.4203,-0.5675,-1.6460,0.6846,-0.0181,1.6374,0.3841,-1.9664,1.2178,-0.6754,0.5414,2.1817,1.0720,-1.0749,-0.0821,-1.5790,0.6588,0.5528,-0.9934,0.4454,0.9189,0.7939,-0.6459,-0.6801,-1.0854,-1.2695,0.3145,0.0392,1.2762,0.2693,-0.3065,-1.4014,1.5123,0.1620,-0.0223,0,test
-0.9870,-1.0126,3.3577,-0.9395,0.5747,-2.4943,-0.3749,-1.5703,0.4039,4.7222,-0.8098,-4.1516,1.0694,0.1481,1.9290,1.2016,-0.2715,0.4479,-0.3946,-0.7215,-2.1829,-0.8265,-1.7422,1.9582,1.2119,1.0763,2.1347,-2.4432,1.5847,0.2526,-0.4271,3.4276,-0.9319,0.7233,-0.4396,0.2603,-0.8362,-3.3100,0.9621,-0.2009,1,test
1.0536,0.2861,0.4732,-0.4795,-1.5792,0.6197,-0.0942,0.5678,-1.0450,-0.1270,1.9765,-0.8043,0.0962,1.2793,-0.2269,0.1319,-2.0891,0.7619,-0.4325,1.2559,-0.0890,-0.3498,0.4273,-0.2206,-0.5048,1.5039,0.9631,0.1176,0.7925,0.8090,0.5696,0.0567,0.0710,0.4062,0.5541,0.3543,-0.5394,-0.0601,0.4489,-0.9366,0,test
-0.0088,0.7426,3.1323,-0.2622,-0.0222,-4.1859,0.9628,-0.3497,-1.6311,1.6454,0.2937,-2.6107,-0.4622,-1.2482,3.4316,-0.7935,-0.6427,0.0126,-0.7507,0.3132,-3.7148,-0.4322,-0.2227,4.6041,1.5439,0.9203,-0.7207,-2.5051,0.8947,0.7882,-1.5940,3.6616,-0.7238,0.7342,0.6245,-0.4998,2.0973,-3.6332,2.3911,-0.1472,1,test
0.3496,0.6911,-0.4893,-0.4380,-1.5378,0.3686,1.2109,0.8338,0.9001,0.6936,-0.9005,-1.2306,0.6275,0.1743,0.9649,-0.2467,-0.8628,0.4408,-0.5448,-1.5494,-0.5953,-0.8217,-1.0906,-0.5093,0.9290,2.2596,1.6914,-0.3796,1.1182,-0.0523,0.3941,-0.6287,-0.0724,-1.5827,1.7539,-0.7126,0.5731,-0.5428,0.2647,-1.1045,0,test
-0.3668,0.8858,4.4145,-1.8335,0.8336,-4.1772,0.2793,0.5103,-0.6283,3.2645,-0.2406,-3.1499,0.8950,1.3130,3.9447,1.9142,-0.9267,1.7088,-0.2562,0.7463,-3.2062,0.0957,-0.8985,3.6108,1.9822,0.1577,-0.0207,-2.4052,0.6980,-0.1775,-0.0042,2.5250,1.2752,0.9209,-1.0305,-0.5835,0.0198,-1.9528,0.9480,-0.1803,1,test
0.7043,1.0277,-0.1004,1.0044,0.5661,1.4641,-1.5580,-0.7707,-0.9366,-0.9754,1.6138,-0.8622,-0.8115,-0.3618,0.8658,-0.4218,0.7214,0.5389,-0.6264,-2.2280,-0.8983,-1.1685,1.6019,-0.6656,-1.0484,0.3741,0.0529,-0.8728,1.0725,0.8850,0.2735,-0.7041,-0.8549,-1.9315,0.3755,0.3883,-0.9013,0.0396,3.2119,-1.0566,0,test
-1.6726,0.5948,2.4755,-0.4545,0.6096,-3.0079,0.9749,0.5045,1.1377,2.7534,-2.1148,-1.5940,-1.6674,1.0054,2.8404,-1.3054,0.0653,0.8503,-1.0012,0.0536,-3.7442,-0.9403,-0.6051,4.7446,0.6727,-0.0146,-0.0798,-3.2548,0.2808,0.1877,-1.6841,4.0546,-0.8394,-2.4625,0.6899,-1.1345,-0.1390,-2.5635,-0.5795,0.5205,1,test
1.0098,0.8993,2.0240,-2.1283,0.0163,-0.3057,1.0685,-1.0226,-0.3733,2.2167,0.9770,-1.8856,0.0205,1.3116,-0.6067,0.5777,0.0977,-1.3811,-0.6154,1.0897,1.1645,-0.5629,1.1060,-0.6681,0.2429,-0.0119,-1.2278,0.3155,-0.3822,-2.6046,-0.8149,-0.7976,-0.8209,-0.9223,-0.6768,-2.3270,0.8755,0.0768,0.2501,-0.2459,0,test
0.0627,-0.2425,2.4472,-1.4401,0.0732,-2.5212,0.2306,1.5449,-1.3419,2.5325,-0.6072,-1.8072,1.6674,-0.4907,4.0369,-0.2250,-0.9822,-0.0992,-1.0238,1.4849,-1.7491,1.1393,0.3526,0.8817,0.7892,0.0927,-2.3450,-3.8247,0.9948,1.6388,-1.0060,3.8653,0.3278,-0.1593,-0.2788,0.5109,0.5674,-2.0981,-0.4013,-1.2553,1,test
2.0099,0.0126,0.2084,-0.4024,0.1776,-1.7133,-1.2614,-1.4080,0.8872,-0.0850,1.1337,-1.9469,-0.5896,1.3976,-0.7791,-1.7809,-0.7332,-0.3276,-0.0130,1.2510,1.3071,1.4890,0.5716,-0.4777,-0.4868,-1.4141,1.2516,1.2031,0.0876,-0.8508,0.6638,0.4707,0.1518,-1.1110,0.2353,-0.5407,0.7267,0.5748,0.4328,-0.4072,0,test
1.4973,0.7442,4.4827,0.8058,0.6518,-2.9774,-1.0507,-1.7413,-0.9197,4.0477,0.8953,-2.7960,0.0880,1.7610,2.0442,-1.7077,-1.5198,-0.3070,0.6875,0.7070,-3.7324,0.7849,-0.0471,2.6100,-0.3715,0.7251,0.9368,-3.8321,-0.9703,0.1187,2.0864,2.2865,-1.2293,0.4024,0.5000,-0.5853,-0.0253,-2.9328,-1.7104,-0.0213,1,test
-0.1365,-2.2617,-0.4592,-0.7243,-0.8202,-0.0773,-1.0597,0.3740,1.8518,-1.1393,1.0203,-0.5092,0.5333,-0.1214,1.2578,-0.6803,0.7187,-0.7417,0.2247,-0.0129,1.0671,-1.5116,-1.3218,1.3348,0.3784,1.6277,-1.0089,0.2027,0.5911,1.6942,-0.0516,-0.4287,0.7005,-0.0974,-0.7329,0.7308,-1.8640,-0.9720,1.3330,-0.4786,0,test
-0.3166,0.3565,4.5619,0.5069,-0.9434,-3.7511,1.0270,-0.1137,-0.6170,3.6767,1.1169,-0.6790,-1.0522,-0.6768,2.7671,0.3409,-0.4660,1.0694,-2.6276,0.9223,-3.7540,-0.2629,0.5557,3.8334,-0.9892,1.4396,0.5636,-3.6102,0.2042,-1.0601,-1.1998,2.4838,0.3570,0.0978,-0.7570,-1.3280,-1.6379,-1.2391,0.3608,-0.7673,1,test
-0.6863,0.2437,0.2479,0.5822,0.4406,-1.0068,-0.1988,-0.9025,0.4706,-1.2611,-0.5664,-0.8227,-0.6020,-0.2462,1.4733,-0.2451,-1.3974,-0.2891,0.7295,0.5311,0.2333,1.9105,1.0810,0.0878,1.1845,-1.2841,-0.1649,-0.8310,0.1732,1.5514,-0.4823,1.5282,-0.9938,1.3681,-1.6482,-0.8142,0.9715,-0.0879,0.1410,-0.0120,0,test
0.1764,-0.1714,2.0432,-0.2782,0.1083,-4.3443,0.4542,1.6909,-1.5955,2.3736,-0.2725,-3.8055,0.0931,-0.6953,3.2697,0.0058,-0.0835,1.4778,0.1265,-1.4169,-4.3990,0.5673,-0.3314,2.4067,-1.3170,-0.2956,-0.0882,-3.0410,-0.3414,0.8506,0.7626,3.2403,-0.1682,-1.3020,0.7549,1.4357,1.2389,-1.7681,0.2699,0.3605,1,test
2.3792,-0.7803,0.8921,0.0738,-0.2871,0.6000,-1.9357,0.9069,1.8795,0.2842,-0.0598,0.1540,0.6442,-0.4699,0.1175,0.4841,-0.3390,0.3738,0.3243,0.6858,-0.9581,-0.5137,-0.4141,1.1495,0.2424,-1.5863,-1.2399,1.8614,0.3294,-1.2416,-0.8837,0.1368,1.3856,1.5541,-0.3542,-0.2868,1.8640,-0.9422,1.5185,0.3254,0,test
0.0918,1.2352,3.3209,-0.8021,-1.4794,-2.8758,0.4975,1.3123,-2.5365,4.4675,0.6014,-1.4955,0.7739,0.2048,3.5537,0.3828,-0.6095,-0.1093,0.1249,-0.4324,-3.7954,-1.3870,0.4903,3.2503,0.1054,-1.1223,0.8269,-3.9295,-2.0147,1.5032,-1.4484,4.6001,0.5179,-0.4229,-2.2829,-0.6756,1.4387,-2.0482,0.2521,-1.6444,1,test
2.2421,0.6263,-1.3484,1.1971,-1.8002,0.3249,-0.3965,1.1909,1.1447,0.1829,1.7401,0.9451,-0.4640,-0.9443,2.3904,-0.3895,0.3996,-0.1114,-0.4586,-1.5460,-0.1404,-0.1102,0.9539,-0.4946,-1.5186,-1.0322,-0.0384,0.2405,0.7040,-0.3678,0.5242,0.1385,1.6400,-0.0534,0.1403,0.5451,1.1836,-0.8862,-0.4598,-0.2643,0,test
-2.0698,1.2539,3.9570,0.0215,3.2693,-1.1066,1.9648,1.5118,0.8796,1.4310,1.4879,-3.2081,-1.1614,0.0513,3.8720,0.9477,0.1705,-0.5028,0.7432,-0.7328,-3.5645,0.7356,-1.3982,2.7900,-1.9021,-0.8929,-1.1958,-2.6964,0.6945,-0.0485,0.8876,3.2743,-0.1989,0.4745,-0.2312,0.1306,1.0114,-3.8686,1.1193,-1.0671,1,test
0.8129,-1.6137,0.4970,-0.0694,0.1176,0.4601,-0.2720,-1.6317,-1.0388,-1.3946,-1.2790,-0.1286,1.2713,-0.6882,-0.7424,-1.1073,-1.6805,0.0644,-0.4718,-0.2314,-0.9345,0.4698,-1.1687,0.5297,-0.6432,0.7607,-0.8636,0.4275,0.4284,-0.0765,1.5899,0.1698,-0.8635,0.6679,-0.8016,-0.5216,0.0119,0.1755,1.6598,-1.6849,0,test
-0.2504,1.0905,2.5269,0.3101,1.4864,-4.0316,0.0430,0.7658,-0.5709,0.6279,-0.9721,-3.0839,0.1848,1.7797,4.5581,-1.4940,1.0103,0.8836,1.5780,-0.1471,-4.1223,0.1419,1.5066,3.1351,1.6530,0.7602,-0.5726,-4.8185,1.8042,-1.4627,-0.3407,3.0336,-0.8876,-0.5522,0.0061,2.2980,-0.0630,-3.3993,0.1209,0.9079,1,test
-0.3809,-0.2996,-1.1818,0.7456,-0.5919,-0.6989,0.5034,0.1089,-0.5690,-0.2273,-0.4792,1.3027,0.9768,-0.7029,-0.0389,1.3273,-0.2801,1.7236,0.4340,0.6475,-2.0248,0.8218,0.3313,0.5635,0.4693,0.5105,-0.4954,0.8718,0.0616,-1.0152,-0.9926,0.1566,0.3275,-2.1360,-2.0121,1.0174,-0.0112,2.7599,-1.4945,-0.2401,0,test
-0.5848,0.5401,5.0397,1.5625,-0.9840,-1.7273,-1.1860,0.2987,0.1671,3.5350,-0.7803,-1.8072,-0.0664,-0.0186,3.0457,-1.0333,0.7042,0.3257,0.4443,1.8067,-3.8112,-0.2750,0.0074,3.9447,-0.1735,0.9057,0.4458,-4.5421,-0.6660,-1.9700,-0.2787,2.3810,0.5759,0.1654,-0.0622,1.2243,0.5807,-3.8859,-0.6732,0.3183,1,test
0.6433,-0.5396,0.5368,0.3940,0.9508,-2.6048,-0.9428,-1.1837,-0.1598,0.7815,2.4740,1.4999,1.3259,0.3707,-0.3776,0.5203,-2.1266,0.9044,0.0085,0.5997,-1.0052,-1.0630,-0.6279,-0.0421,0.3410,-0.3445,0.3415,0.6610,-1.1332,-0.0986,-1.5208,-0.5326,0.8839,-0.6943,1.8201,0.4911,0.8690,0.1013,0.8451,1.0629,0,test
